customer_id,customer_name,email,phone,address,city,country,registration_date
1,Monica Velasquez,sextonbrian@example.net,(305)248-1660x357,"09620 Emily Stream Suite 086, North Jessicastad, NH 94108",East Ashleyton,Mongolia,2022-01-01
2,Keith Mullen,kchandler@example.org,3552157014,"83790 Glenn Glens, North Cindy, CO 49498",New Krystalburgh,Algeria,2022-01-02
3,Tammy Sanford,xperez@example.com,(873)413-0282x88047,"071 Matthew Crescent, Mitchellport, LA 77420",Shannonfurt,Mongolia,2022-01-03
4,Maria Weiss,rasmussennancy@example.org,837.216.7653x18414,"277 Hunt Ridge, West Lindsaytown, MH 83690",Seanborough,Benin,2022-01-04
5,Sophia Parker,sarahwilliams@example.net,001-802-656-9088,"1337 Sarah Club Suite 958, Michaelstad, WV 95325",North Anna,United States of America,2022-01-05
6,Jennifer Pace,morganjustin@example.net,306.232.7907,"USNV Robertson, FPO AA 43544",Mollyview,Nepal,2022-01-06
7,David Bailey,robertdalton@example.org,578-935-8152x68498,"219 Delgado Harbors Apt. 119, North Jerry, MP 56068",East Tinaside,Paraguay,2022-01-07
8,Frank Russo,pottskimberly@example.org,+1-391-319-8753x22268,"128 Howard Crossing Suite 265, East William, UT 97469",Taylorfurt,United States of America,2022-01-08
9,Lindsay Martin,kristinmatthews@example.net,(806)533-1649x637,"586 Knapp Spurs, Loweberg, MN 93169",Port Ashley,Georgia,2022-01-09
10,William Berg,katie05@example.com,+1-922-318-7823x9056,"USNS Duncan, FPO AP 16042",Port Rebeccaport,Nigeria,2022-01-10
11,Christina Camacho,droberts@example.com,485-644-3524,"452 Young Trail, Lake Joseph, IN 41047",Phillipston,Mongolia,2022-01-11
12,Joshua Chen,gsanchez@example.net,3626774991,"197 Martinez Dale, Churchville, NC 62139",North Mikaylastad,Botswana,2022-01-12
13,Daniel Mcdonald,mark65@example.org,001-466-235-6367x2177,"14132 David Rapids Suite 440, Kevinburgh, IA 46930",Flynnville,Bahrain,2022-01-13
14,Francisco Wright,acarney@example.net,570.383.5838,"733 Thompson Creek, East Dianaborough, NV 56999",Parsonsland,Liberia,2022-01-14
15,Angelica Garcia,maureengardner@example.com,214-401-7083,"Unit 1072 Box 6669, DPO AE 05025",South Sandraberg,Guinea-Bissau,2022-01-15
16,Austin Farmer,ibarradean@example.org,001-900-730-9696,"27320 Ross Grove, East Vincent, OK 82992",New Loritown,Bosnia and Herzegovina,2022-01-16
17,Danielle Nelson,paul46@example.org,+1-477-917-2109x50067,"7975 Duncan Spur, South Teresaview, NH 54975",West Valeriemouth,Niue,2022-01-17
18,Taylor Dixon,kevinmoore@example.org,537-626-2962x396,"543 Spencer Turnpike Apt. 161, Lake Michelemouth, RI 85105",Hannahhaven,Senegal,2022-01-18
19,Johnny Wood,jenniferparker@example.com,001-574-827-0989x719,"6560 Fernandez Walks Suite 768, West Kaylaton, AR 23136",Jennyport,Timor-Leste,2022-01-19
20,Tyler Stark,nicholas67@example.org,569-699-9206,"Unit 1472 Box 1274, DPO AP 51520",Davisshire,Philippines,2022-01-20
21,Charles White,matthew94@example.org,373.636.3544,"99414 Stewart Corners Apt. 499, East Leslieview, OK 85886",South Beverly,Zambia,2022-01-21
22,Diamond Rasmussen DDS,gary71@example.org,001-599-854-6550x6988,"Unit 6833 Box 5295, DPO AA 12880",Morrowport,Western Sahara,2022-01-22
23,Ricky Murray,richardpaul@example.com,821-925-4957x48734,"36696 Ashley Square, Richardsonport, HI 98800",Smithmouth,Brazil,2022-01-23
24,Kellie Hatfield,ryanrollins@example.org,(868)680-7464x51891,"3750 Hammond Mountain Suite 914, West Joshua, DC 00614",Lake Kimberlyshire,Nauru,2022-01-24
25,Kristina Gardner,donna16@example.org,001-488-491-9597x14957,"51135 Dunn Points Apt. 218, Robbinsfurt, ME 70967",Mackport,Colombia,2022-01-25
26,Michele Petersen,melissa30@example.org,387.655.1029,"761 Carr Parkways Suite 183, Hughesville, GU 12886",Raymondside,Saint Vincent and the Grenadines,2022-01-26
27,Dennis Ramirez,fowlerjoshua@example.net,(292)912-8710,"647 Moore Mount, South Donald, NH 27728",Michaelchester,Svalbard & Jan Mayen Islands,2022-01-27
28,Ashley Elliott,csanders@example.org,(215)618-0297,"0379 Kathy Drives, North John, NJ 93353",North Adam,Cuba,2022-01-28
29,Michael Martinez,webbmichael@example.org,427-804-2567x60552,"437 Jones Land, Liuberg, OH 29941",West Sarah,Eritrea,2022-01-29
30,Christopher Foster,christopher04@example.org,(706)682-7912x185,"8126 Harris Haven Apt. 733, Bellland, NC 03372",South Carolynfort,Uruguay,2022-01-30
31,Randy Oneill,haleyhall@example.com,001-481-302-5586x1806,"53012 Sherry Grove Suite 576, Caseystad, VA 30585",Lawrencefort,Kazakhstan,2022-01-31
32,Joshua Padilla,williammorgan@example.org,277-805-7954x962,"Unit 5331 Box 6983, DPO AP 56298",Tuckerhaven,Vanuatu,2022-02-01
33,Gary Gibbs,vjackson@example.net,2915095182,"922 Robert Vista Suite 079, Ortizmouth, OH 01866",Ericville,Samoa,2022-02-02
34,Chelsea Graham,calderonbeverly@example.org,(561)212-4505,"876 Donna Ville Apt. 674, New Shaneburgh, TX 57452",Port Katherinefurt,Tokelau,2022-02-03
35,Matthew Brooks,mathiscynthia@example.com,001-628-894-2534x261,"790 Reyes Forest Suite 934, West Curtisburgh, KY 75185",Pearsonborough,Pakistan,2022-02-04
36,Michele Williams,ysmith@example.com,732-835-3112x88190,"997 Walker Meadow Apt. 001, Fisherland, AZ 65643",East Anthonyville,Bosnia and Herzegovina,2022-02-05
37,Christian Valenzuela,lynneddie@example.org,860.656.7429,"50924 Mckinney Shoal Apt. 717, South Haley, KS 64509",East Steven,Mongolia,2022-02-06
38,Seth Owens,wisesandy@example.org,316.715.9757x42011,"4259 Golden Ports, Lake Timothy, MN 69261",Saraton,Switzerland,2022-02-07
39,Mathew Jones,rushlaura@example.org,(347)895-6695x461,"029 Samantha Mews, South Coryland, RI 63750",East Paultown,Monaco,2022-02-08
40,Ryan Blankenship,mccoyalyssa@example.com,484.794.6026x142,"9377 Mary Gardens, North Andrew, NJ 32748",New Ryanberg,Madagascar,2022-02-09
41,Dennis Lopez,mitchelldawn@example.com,4233815154,"520 Mccoy Gardens Apt. 258, Thomaston, WI 65549",Lake Patriciastad,Heard Island and McDonald Islands,2022-02-10
42,Justin Orr,eruiz@example.org,926.349.8540,"7663 Gregory Keys, South Kimview, MS 88982",Fosterfurt,Guinea-Bissau,2022-02-11
43,Nathan Mosley,mclark@example.net,467-554-7437,"16533 Singleton Meadows, Philipbury, MD 27425",East Amanda,Bosnia and Herzegovina,2022-02-12
44,Tamara Hicks,youngstephanie@example.net,+1-881-873-7898x4862,"84748 Paula Dam Apt. 853, South Gina, MI 88620",West Donaldmouth,Philippines,2022-02-13
45,Robert Simon,joseph46@example.net,769.482.3999x602,"Unit 4632 Box 4185, DPO AA 90570",Onealland,Jamaica,2022-02-14
46,Jessica Howard,freyronald@example.org,+1-860-800-2423x93839,"87612 Christopher Bypass, Harrishaven, IL 81231",Kingchester,Albania,2022-02-15
47,Sandra Meyer,wilsonoscar@example.net,963-237-8470x87340,"370 Carly Ramp Apt. 444, Nealstad, PA 43176",Randallmouth,Palau,2022-02-16
48,Anthony Cobb,downsmegan@example.net,3377592430,"545 Gomez Shores Apt. 989, Jonesstad, NJ 33288",Kennethshire,Haiti,2022-02-17
49,Nathaniel Villanueva,myoung@example.net,(427)623-7697x43959,"2525 Jacob Parkways Apt. 521, West Jacobberg, WY 69086",West Danielville,Italy,2022-02-18
50,Hayden Lewis,mwheeler@example.net,286.224.7073x97778,"981 Strickland Estates Apt. 914, Port Joditon, CO 18783",Kiddside,Puerto Rico,2022-02-19
